[{"model": "contenttypes.contenttype", "pk": 1, "fields": {"app_label": "admin", "model": "logentry"}}, {"model": "contenttypes.contenttype", "pk": 2, "fields": {"app_label": "auth", "model": "permission"}}, {"model": "contenttypes.contenttype", "pk": 3, "fields": {"app_label": "auth", "model": "group"}}, {"model": "contenttypes.contenttype", "pk": 4, "fields": {"app_label": "auth", "model": "user"}}, {"model": "contenttypes.contenttype", "pk": 5, "fields": {"app_label": "contenttypes", "model": "contenttype"}}, {"model": "contenttypes.contenttype", "pk": 6, "fields": {"app_label": "sessions", "model": "session"}}, {"model": "contenttypes.contenttype", "pk": 7, "fields": {"app_label": "blog", "model": "blogtype"}}, {"model": "contenttypes.contenttype", "pk": 8, "fields": {"app_label": "blog", "model": "blog"}}, {"model": "contenttypes.contenttype", "pk": 9, "fields": {"app_label": "blog", "model": "readnum"}}, {"model": "contenttypes.contenttype", "pk": 10, "fields": {"app_label": "read_statistics", "model": "readnum"}}, {"model": "contenttypes.contenttype", "pk": 11, "fields": {"app_label": "read_statistics", "model": "readdetail"}}, {"model": "contenttypes.contenttype", "pk": 12, "fields": {"app_label": "comment", "model": "comment"}}, {"model": "contenttypes.contenttype", "pk": 13, "fields": {"app_label": "likes", "model": "likerecord"}}, {"model": "contenttypes.contenttype", "pk": 14, "fields": {"app_label": "likes", "model": "likecount"}}, {"model": "contenttypes.contenttype", "pk": 15, "fields": {"app_label": "user", "model": "profile"}}, {"model": "sessions.session", "pk": "1g0vnjg523nzy5qajcgvq0ut59ui3jfq", "fields": {"session_data": "MWNkOGZhYjdmNGNkNGRkODJiMzk5YjllOWE0MGE1N2Q5MTBiZGY2NDp7Il9hdXRoX3VzZXJfaWQiOiIxIiwiX2F1dGhfdXNlcl9iYWNrZW5kIjoiZGphbmdvLmNvbnRyaWIuYXV0aC5iYWNrZW5kcy5Nb2RlbEJhY2tlbmQiLCJfYXV0aF91c2VyX2hhc2giOiI5ZDdmMTdhNmNhNDAxYmExNWFjNTlhZWNlNmIyYTkyY2Q5MGE0MzRmIn0=", "expire_date": "2020-02-26T00:41:01.554Z"}}, {"model": "sessions.session", "pk": "3gtdrwg2a5yxe2y0j63kovg5aiifgltl", "fields": {"session_data": "NTFmZTE4YjY4M2Y1ZjVjZmFmM2VkZjBmYjgwZTY5YzU3YjBlZjdlYTp7Il9hdXRoX3VzZXJfaWQiOiIxIiwiX2F1dGhfdXNlcl9iYWNrZW5kIjoiZGphbmdvLmNvbnRyaWIuYXV0aC5iYWNrZW5kcy5Nb2RlbEJhY2tlbmQiLCJfYXV0aF91c2VyX2hhc2giOiI5ZDdmMTdhNmNhNDAxYmExNWFjNTlhZWNlNmIyYTkyY2Q5MGE0MzRmIiwiYmluZF9lbWFpbF9jb2RlIjoiRnBiNCJ9", "expire_date": "2020-03-11T04:16:27.760Z"}}, {"model": "sessions.session", "pk": "3n8v4slffmfhdtd63l29f8mvhphbpxhh", "fields": {"session_data": "MWNkOGZhYjdmNGNkNGRkODJiMzk5YjllOWE0MGE1N2Q5MTBiZGY2NDp7Il9hdXRoX3VzZXJfaWQiOiIxIiwiX2F1dGhfdXNlcl9iYWNrZW5kIjoiZGphbmdvLmNvbnRyaWIuYXV0aC5iYWNrZW5kcy5Nb2RlbEJhY2tlbmQiLCJfYXV0aF91c2VyX2hhc2giOiI5ZDdmMTdhNmNhNDAxYmExNWFjNTlhZWNlNmIyYTkyY2Q5MGE0MzRmIn0=", "expire_date": "2020-03-03T02:02:56.088Z"}}, {"model": "sessions.session", "pk": "4h6gkqk6f7h47bn6c9gw9rrk05vh6u8l", "fields": {"session_data": "Y2VkZDVmYmIyY2Y5NjFhZGY0ZDljYThlZDNkNjg2MzM0ZTQ5YWI1YTp7Il9hdXRoX3VzZXJfaWQiOiIyIiwiX2F1dGhfdXNlcl9iYWNrZW5kIjoiZGphbmdvLmNvbnRyaWIuYXV0aC5iYWNrZW5kcy5Nb2RlbEJhY2tlbmQiLCJfYXV0aF91c2VyX2hhc2giOiJkNzVkY2FmZTY4ZTdkMTMyMmJhYjIyMjM1NTc4Zjg0NTRhZDRjNTE2In0=", "expire_date": "2020-03-04T09:18:28.177Z"}}, {"model": "sessions.session", "pk": "dj9r6ax0pwbr73hm40r9k6chmpe1yb8e", "fields": {"session_data": "MWNkOGZhYjdmNGNkNGRkODJiMzk5YjllOWE0MGE1N2Q5MTBiZGY2NDp7Il9hdXRoX3VzZXJfaWQiOiIxIiwiX2F1dGhfdXNlcl9iYWNrZW5kIjoiZGphbmdvLmNvbnRyaWIuYXV0aC5iYWNrZW5kcy5Nb2RlbEJhY2tlbmQiLCJfYXV0aF91c2VyX2hhc2giOiI5ZDdmMTdhNmNhNDAxYmExNWFjNTlhZWNlNmIyYTkyY2Q5MGE0MzRmIn0=", "expire_date": "2020-02-24T03:48:40.164Z"}}, {"model": "sessions.session", "pk": "eyu45v82gf1nn334bylu7sxf80xkpad7", "fields": {"session_data": "MWNkOGZhYjdmNGNkNGRkODJiMzk5YjllOWE0MGE1N2Q5MTBiZGY2NDp7Il9hdXRoX3VzZXJfaWQiOiIxIiwiX2F1dGhfdXNlcl9iYWNrZW5kIjoiZGphbmdvLmNvbnRyaWIuYXV0aC5iYWNrZW5kcy5Nb2RlbEJhY2tlbmQiLCJfYXV0aF91c2VyX2hhc2giOiI5ZDdmMTdhNmNhNDAxYmExNWFjNTlhZWNlNmIyYTkyY2Q5MGE0MzRmIn0=", "expire_date": "2020-02-24T13:37:27.531Z"}}, {"model": "sessions.session", "pk": "hhkwz83y8fhzb5vudhqlmr5vqzn41z02", "fields": {"session_data": "MWNkOGZhYjdmNGNkNGRkODJiMzk5YjllOWE0MGE1N2Q5MTBiZGY2NDp7Il9hdXRoX3VzZXJfaWQiOiIxIiwiX2F1dGhfdXNlcl9iYWNrZW5kIjoiZGphbmdvLmNvbnRyaWIuYXV0aC5iYWNrZW5kcy5Nb2RlbEJhY2tlbmQiLCJfYXV0aF91c2VyX2hhc2giOiI5ZDdmMTdhNmNhNDAxYmExNWFjNTlhZWNlNmIyYTkyY2Q5MGE0MzRmIn0=", "expire_date": "2020-02-27T03:27:05.036Z"}}, {"model": "sessions.session", "pk": "je3ieveoif3y236e1nnuu2fyuh4yj3j9", "fields": {"session_data": "MWNkOGZhYjdmNGNkNGRkODJiMzk5YjllOWE0MGE1N2Q5MTBiZGY2NDp7Il9hdXRoX3VzZXJfaWQiOiIxIiwiX2F1dGhfdXNlcl9iYWNrZW5kIjoiZGphbmdvLmNvbnRyaWIuYXV0aC5iYWNrZW5kcy5Nb2RlbEJhY2tlbmQiLCJfYXV0aF91c2VyX2hhc2giOiI5ZDdmMTdhNmNhNDAxYmExNWFjNTlhZWNlNmIyYTkyY2Q5MGE0MzRmIn0=", "expire_date": "2020-03-03T08:24:39.767Z"}}, {"model": "sessions.session", "pk": "lqpyqmud5kfmyulmsoq26b4yn97p9bjm", "fields": {"session_data": "MWNkOGZhYjdmNGNkNGRkODJiMzk5YjllOWE0MGE1N2Q5MTBiZGY2NDp7Il9hdXRoX3VzZXJfaWQiOiIxIiwiX2F1dGhfdXNlcl9iYWNrZW5kIjoiZGphbmdvLmNvbnRyaWIuYXV0aC5iYWNrZW5kcy5Nb2RlbEJhY2tlbmQiLCJfYXV0aF91c2VyX2hhc2giOiI5ZDdmMTdhNmNhNDAxYmExNWFjNTlhZWNlNmIyYTkyY2Q5MGE0MzRmIn0=", "expire_date": "2020-03-01T03:15:34.005Z"}}, {"model": "sessions.session", "pk": "mldfgp43r2nonw36qidtw2ehe1elo0ub", "fields": {"session_data": "Y2VkZDVmYmIyY2Y5NjFhZGY0ZDljYThlZDNkNjg2MzM0ZTQ5YWI1YTp7Il9hdXRoX3VzZXJfaWQiOiIyIiwiX2F1dGhfdXNlcl9iYWNrZW5kIjoiZGphbmdvLmNvbnRyaWIuYXV0aC5iYWNrZW5kcy5Nb2RlbEJhY2tlbmQiLCJfYXV0aF91c2VyX2hhc2giOiJkNzVkY2FmZTY4ZTdkMTMyMmJhYjIyMjM1NTc4Zjg0NTRhZDRjNTE2In0=", "expire_date": "2020-03-02T03:13:40.802Z"}}, {"model": "sessions.session", "pk": "omcvztw1nzc6txbnq0l5c61axlpdwqx3", "fields": {"session_data": "MWNkOGZhYjdmNGNkNGRkODJiMzk5YjllOWE0MGE1N2Q5MTBiZGY2NDp7Il9hdXRoX3VzZXJfaWQiOiIxIiwiX2F1dGhfdXNlcl9iYWNrZW5kIjoiZGphbmdvLmNvbnRyaWIuYXV0aC5iYWNrZW5kcy5Nb2RlbEJhY2tlbmQiLCJfYXV0aF91c2VyX2hhc2giOiI5ZDdmMTdhNmNhNDAxYmExNWFjNTlhZWNlNmIyYTkyY2Q5MGE0MzRmIn0=", "expire_date": "2020-02-29T01:06:39.557Z"}}, {"model": "sessions.session", "pk": "peldz4kb1awm30olandh9v5rkoxoi1xv", "fields": {"session_data": "MWNkOGZhYjdmNGNkNGRkODJiMzk5YjllOWE0MGE1N2Q5MTBiZGY2NDp7Il9hdXRoX3VzZXJfaWQiOiIxIiwiX2F1dGhfdXNlcl9iYWNrZW5kIjoiZGphbmdvLmNvbnRyaWIuYXV0aC5iYWNrZW5kcy5Nb2RlbEJhY2tlbmQiLCJfYXV0aF91c2VyX2hhc2giOiI5ZDdmMTdhNmNhNDAxYmExNWFjNTlhZWNlNmIyYTkyY2Q5MGE0MzRmIn0=", "expire_date": "2020-03-01T07:11:16.277Z"}}, {"model": "sessions.session", "pk": "r0wa3mp81n1mxnietci0vbjmc4c2ushy", "fields": {"session_data": "Y2VkZDVmYmIyY2Y5NjFhZGY0ZDljYThlZDNkNjg2MzM0ZTQ5YWI1YTp7Il9hdXRoX3VzZXJfaWQiOiIyIiwiX2F1dGhfdXNlcl9iYWNrZW5kIjoiZGphbmdvLmNvbnRyaWIuYXV0aC5iYWNrZW5kcy5Nb2RlbEJhY2tlbmQiLCJfYXV0aF91c2VyX2hhc2giOiJkNzVkY2FmZTY4ZTdkMTMyMmJhYjIyMjM1NTc4Zjg0NTRhZDRjNTE2In0=", "expire_date": "2020-03-04T02:38:17.631Z"}}, {"model": "sessions.session", "pk": "s6vi9stllunmyosraiqbrt9n5g11ljxt", "fields": {"session_data": "Y2VkZDVmYmIyY2Y5NjFhZGY0ZDljYThlZDNkNjg2MzM0ZTQ5YWI1YTp7Il9hdXRoX3VzZXJfaWQiOiIyIiwiX2F1dGhfdXNlcl9iYWNrZW5kIjoiZGphbmdvLmNvbnRyaWIuYXV0aC5iYWNrZW5kcy5Nb2RlbEJhY2tlbmQiLCJfYXV0aF91c2VyX2hhc2giOiJkNzVkY2FmZTY4ZTdkMTMyMmJhYjIyMjM1NTc4Zjg0NTRhZDRjNTE2In0=", "expire_date": "2020-03-05T01:39:08.619Z"}}, {"model": "sessions.session", "pk": "ssfv5g7urbcx7fwhmrqgz7vhw7f6d7ob", "fields": {"session_data": "MWNkOGZhYjdmNGNkNGRkODJiMzk5YjllOWE0MGE1N2Q5MTBiZGY2NDp7Il9hdXRoX3VzZXJfaWQiOiIxIiwiX2F1dGhfdXNlcl9iYWNrZW5kIjoiZGphbmdvLmNvbnRyaWIuYXV0aC5iYWNrZW5kcy5Nb2RlbEJhY2tlbmQiLCJfYXV0aF91c2VyX2hhc2giOiI5ZDdmMTdhNmNhNDAxYmExNWFjNTlhZWNlNmIyYTkyY2Q5MGE0MzRmIn0=", "expire_date": "2020-03-09T12:12:15.837Z"}}, {"model": "sessions.session", "pk": "t73rbfcbim0e45abqo4gvwlb77wxsft6", "fields": {"session_data": "MWNkOGZhYjdmNGNkNGRkODJiMzk5YjllOWE0MGE1N2Q5MTBiZGY2NDp7Il9hdXRoX3VzZXJfaWQiOiIxIiwiX2F1dGhfdXNlcl9iYWNrZW5kIjoiZGphbmdvLmNvbnRyaWIuYXV0aC5iYWNrZW5kcy5Nb2RlbEJhY2tlbmQiLCJfYXV0aF91c2VyX2hhc2giOiI5ZDdmMTdhNmNhNDAxYmExNWFjNTlhZWNlNmIyYTkyY2Q5MGE0MzRmIn0=", "expire_date": "2020-02-28T06:29:35.083Z"}}, {"model": "sessions.session", "pk": "teuzco42nenob1m45y7daq035pytjf14", "fields": {"session_data": "MWNkOGZhYjdmNGNkNGRkODJiMzk5YjllOWE0MGE1N2Q5MTBiZGY2NDp7Il9hdXRoX3VzZXJfaWQiOiIxIiwiX2F1dGhfdXNlcl9iYWNrZW5kIjoiZGphbmdvLmNvbnRyaWIuYXV0aC5iYWNrZW5kcy5Nb2RlbEJhY2tlbmQiLCJfYXV0aF91c2VyX2hhc2giOiI5ZDdmMTdhNmNhNDAxYmExNWFjNTlhZWNlNmIyYTkyY2Q5MGE0MzRmIn0=", "expire_date": "2020-02-24T03:54:15.390Z"}}, {"model": "sessions.session", "pk": "wi4y5dnbt949wip575w4gd44xpwavdti", "fields": {"session_data": "MWNkOGZhYjdmNGNkNGRkODJiMzk5YjllOWE0MGE1N2Q5MTBiZGY2NDp7Il9hdXRoX3VzZXJfaWQiOiIxIiwiX2F1dGhfdXNlcl9iYWNrZW5kIjoiZGphbmdvLmNvbnRyaWIuYXV0aC5iYWNrZW5kcy5Nb2RlbEJhY2tlbmQiLCJfYXV0aF91c2VyX2hhc2giOiI5ZDdmMTdhNmNhNDAxYmExNWFjNTlhZWNlNmIyYTkyY2Q5MGE0MzRmIn0=", "expire_date": "2020-02-27T08:42:38.244Z"}}, {"model": "sessions.session", "pk": "xrcynqw7jwgcx4sq6aw3chtbczdkrlk2", "fields": {"session_data": "Y2VkZDVmYmIyY2Y5NjFhZGY0ZDljYThlZDNkNjg2MzM0ZTQ5YWI1YTp7Il9hdXRoX3VzZXJfaWQiOiIyIiwiX2F1dGhfdXNlcl9iYWNrZW5kIjoiZGphbmdvLmNvbnRyaWIuYXV0aC5iYWNrZW5kcy5Nb2RlbEJhY2tlbmQiLCJfYXV0aF91c2VyX2hhc2giOiJkNzVkY2FmZTY4ZTdkMTMyMmJhYjIyMjM1NTc4Zjg0NTRhZDRjNTE2In0=", "expire_date": "2020-03-05T03:50:22.443Z"}}, {"model": "sessions.session", "pk": "zsyvfwsqyv15o9kyjacp2tdheyazeele", "fields": {"session_data": "MWNkOGZhYjdmNGNkNGRkODJiMzk5YjllOWE0MGE1N2Q5MTBiZGY2NDp7Il9hdXRoX3VzZXJfaWQiOiIxIiwiX2F1dGhfdXNlcl9iYWNrZW5kIjoiZGphbmdvLmNvbnRyaWIuYXV0aC5iYWNrZW5kcy5Nb2RlbEJhY2tlbmQiLCJfYXV0aF91c2VyX2hhc2giOiI5ZDdmMTdhNmNhNDAxYmExNWFjNTlhZWNlNmIyYTkyY2Q5MGE0MzRmIn0=", "expire_date": "2020-02-28T01:20:54.295Z"}}, {"model": "blog.blogtype", "pk": 1, "fields": {"type_name": "Djiango"}}, {"model": "blog.blogtype", "pk": 2, "fields": {"type_name": "\u968f\u7b14"}}, {"model": "blog.blogtype", "pk": 3, "fields": {"type_name": "Android"}}, {"model": "blog.blogtype", "pk": 4, "fields": {"type_name": "python"}}, {"model": "read_statistics.readnum", "pk": 1, "fields": {"read_num": 24, "content_type": 8, "object_id": 36}}, {"model": "read_statistics.readnum", "pk": 2, "fields": {"read_num": 20, "content_type": 8, "object_id": 38}}, {"model": "read_statistics.readnum", "pk": 3, "fields": {"read_num": 10, "content_type": 8, "object_id": 37}}, {"model": "read_statistics.readnum", "pk": 4, "fields": {"read_num": 5, "content_type": 8, "object_id": 33}}, {"model": "read_statistics.readnum", "pk": 5, "fields": {"read_num": 2, "content_type": 8, "object_id": 32}}, {"model": "read_statistics.readnum", "pk": 6, "fields": {"read_num": 2, "content_type": 8, "object_id": 35}}, {"model": "read_statistics.readnum", "pk": 7, "fields": {"read_num": 2, "content_type": 8, "object_id": 34}}, {"model": "read_statistics.readdetail", "pk": 1, "fields": {"date": "2020-02-14", "read_num": 10, "content_type": 8, "object_id": 38}}, {"model": "read_statistics.readdetail", "pk": 2, "fields": {"date": "2020-02-14", "read_num": 1, "content_type": 8, "object_id": 37}}, {"model": "read_statistics.readdetail", "pk": 3, "fields": {"date": "2020-02-14", "read_num": 1, "content_type": 8, "object_id": 35}}, {"model": "read_statistics.readdetail", "pk": 4, "fields": {"date": "2020-02-13", "read_num": 3, "content_type": 8, "object_id": 11}}, {"model": "read_statistics.readdetail", "pk": 5, "fields": {"date": "2020-02-12", "read_num": 5, "content_type": 8, "object_id": 8}}, {"model": "read_statistics.readdetail", "pk": 6, "fields": {"date": "2020-02-15", "read_num": 1, "content_type": 8, "object_id": 38}}, {"model": "read_statistics.readdetail", "pk": 7, "fields": {"date": "2020-02-15", "read_num": 1, "content_type": 8, "object_id": 37}}, {"model": "read_statistics.readdetail", "pk": 8, "fields": {"date": "2020-02-16", "read_num": 3, "content_type": 8, "object_id": 38}}, {"model": "read_statistics.readdetail", "pk": 9, "fields": {"date": "2020-02-16", "read_num": 3, "content_type": 8, "object_id": 37}}, {"model": "read_statistics.readdetail", "pk": 10, "fields": {"date": "2020-02-17", "read_num": 2, "content_type": 8, "object_id": 38}}, {"model": "read_statistics.readdetail", "pk": 11, "fields": {"date": "2020-02-17", "read_num": 1, "content_type": 8, "object_id": 37}}, {"model": "read_statistics.readdetail", "pk": 12, "fields": {"date": "2020-02-17", "read_num": 1, "content_type": 8, "object_id": 36}}, {"model": "read_statistics.readdetail", "pk": 13, "fields": {"date": "2020-02-17", "read_num": 1, "content_type": 8, "object_id": 34}}, {"model": "read_statistics.readdetail", "pk": 14, "fields": {"date": "2020-02-17", "read_num": 1, "content_type": 8, "object_id": 32}}, {"model": "read_statistics.readdetail", "pk": 15, "fields": {"date": "2020-02-18", "read_num": 2, "content_type": 8, "object_id": 38}}, {"model": "read_statistics.readdetail", "pk": 16, "fields": {"date": "2020-02-18", "read_num": 4, "content_type": 8, "object_id": 33}}, {"model": "read_statistics.readdetail", "pk": 17, "fields": {"date": "2020-02-18", "read_num": 1, "content_type": 8, "object_id": 36}}, {"model": "read_statistics.readdetail", "pk": 18, "fields": {"date": "2020-02-18", "read_num": 1, "content_type": 8, "object_id": 35}}, {"model": "read_statistics.readdetail", "pk": 19, "fields": {"date": "2020-02-19", "read_num": 3, "content_type": 8, "object_id": 38}}, {"model": "read_statistics.readdetail", "pk": 20, "fields": {"date": "2020-02-19", "read_num": 1, "content_type": 8, "object_id": 37}}, {"model": "read_statistics.readdetail", "pk": 21, "fields": {"date": "2020-02-20", "read_num": 5, "content_type": 8, "object_id": 38}}, {"model": "read_statistics.readdetail", "pk": 22, "fields": {"date": "2020-02-20", "read_num": 2, "content_type": 8, "object_id": 37}}, {"model": "read_statistics.readdetail", "pk": 23, "fields": {"date": "2020-02-20", "read_num": 1, "content_type": 8, "object_id": 34}}, {"model": "read_statistics.readdetail", "pk": 24, "fields": {"date": "2020-02-23", "read_num": 1, "content_type": 8, "object_id": 38}}, {"model": "read_statistics.readdetail", "pk": 25, "fields": {"date": "2020-02-24", "read_num": 1, "content_type": 8, "object_id": 38}}, {"model": "likes.likecount", "pk": 1, "fields": {"content_type": 8, "object_id": 37, "liked_num": 1}}, {"model": "likes.likecount", "pk": 2, "fields": {"content_type": 8, "object_id": 38, "liked_num": 0}}, {"model": "likes.likecount", "pk": 3, "fields": {"content_type": 8, "object_id": 36, "liked_num": 0}}, {"model": "likes.likecount", "pk": 4, "fields": {"content_type": 8, "object_id": 35, "liked_num": 0}}, {"model": "likes.likecount", "pk": 5, "fields": {"content_type": 8, "object_id": 34, "liked_num": 0}}, {"model": "likes.likecount", "pk": 6, "fields": {"content_type": 8, "object_id": 33, "liked_num": 0}}, {"model": "likes.likecount", "pk": 7, "fields": {"content_type": 8, "object_id": 32, "liked_num": 0}}, {"model": "likes.likecount", "pk": 8, "fields": {"content_type": 12, "object_id": 15, "liked_num": 0}}, {"model": "likes.likecount", "pk": 9, "fields": {"content_type": 12, "object_id": 14, "liked_num": 1}}, {"model": "likes.likecount", "pk": 10, "fields": {"content_type": 12, "object_id": 13, "liked_num": 1}}, {"model": "likes.likecount", "pk": 11, "fields": {"content_type": 12, "object_id": 12, "liked_num": 1}}, {"model": "likes.likecount", "pk": 12, "fields": {"content_type": 12, "object_id": 11, "liked_num": 0}}, {"model": "likes.likecount", "pk": 13, "fields": {"content_type": 12, "object_id": 10, "liked_num": 0}}, {"model": "likes.likecount", "pk": 14, "fields": {"content_type": 12, "object_id": 9, "liked_num": 0}}, {"model": "likes.likecount", "pk": 15, "fields": {"content_type": 12, "object_id": 8, "liked_num": 0}}, {"model": "likes.likecount", "pk": 16, "fields": {"content_type": 12, "object_id": 7, "liked_num": 0}}, {"model": "likes.likecount", "pk": 17, "fields": {"content_type": 12, "object_id": 6, "liked_num": 0}}, {"model": "likes.likecount", "pk": 18, "fields": {"content_type": 12, "object_id": 4, "liked_num": 0}}, {"model": "likes.likecount", "pk": 19, "fields": {"content_type": 12, "object_id": 3, "liked_num": 0}}, {"model": "likes.likecount", "pk": 20, "fields": {"content_type": 12, "object_id": 2, "liked_num": 0}}, {"model": "likes.likecount", "pk": 21, "fields": {"content_type": 12, "object_id": 1, "liked_num": 0}}, {"model": "likes.likecount", "pk": 22, "fields": {"content_type": 12, "object_id": 39, "liked_num": 1}}, {"model": "likes.likecount", "pk": 23, "fields": {"content_type": 12, "object_id": 35, "liked_num": 0}}, {"model": "likes.likecount", "pk": 24, "fields": {"content_type": 12, "object_id": 38, "liked_num": 0}}, {"model": "likes.likecount", "pk": 25, "fields": {"content_type": 12, "object_id": 34, "liked_num": 0}}, {"model": "likes.likecount", "pk": 26, "fields": {"content_type": 12, "object_id": 23, "liked_num": 0}}, {"model": "likes.likecount", "pk": 27, "fields": {"content_type": 12, "object_id": 32, "liked_num": 0}}, {"model": "likes.likecount", "pk": 28, "fields": {"content_type": 12, "object_id": 33, "liked_num": 0}}, {"model": "likes.likecount", "pk": 29, "fields": {"content_type": 12, "object_id": 22, "liked_num": 0}}, {"model": "likes.likecount", "pk": 30, "fields": {"content_type": 12, "object_id": 21, "liked_num": 0}}, {"model": "likes.likecount", "pk": 31, "fields": {"content_type": 12, "object_id": 20, "liked_num": 0}}, {"model": "likes.likecount", "pk": 32, "fields": {"content_type": 12, "object_id": 19, "liked_num": 0}}, {"model": "likes.likecount", "pk": 33, "fields": {"content_type": 12, "object_id": 18, "liked_num": 0}}, {"model": "likes.likecount", "pk": 34, "fields": {"content_type": 12, "object_id": 17, "liked_num": 0}}, {"model": "likes.likecount", "pk": 35, "fields": {"content_type": 12, "object_id": 16, "liked_num": 0}}, {"model": "likes.likecount", "pk": 36, "fields": {"content_type": 12, "object_id": 5, "liked_num": 0}}, {"model": "likes.likecount", "pk": 37, "fields": {"content_type": 12, "object_id": 41, "liked_num": 0}}, {"model": "likes.likecount", "pk": 38, "fields": {"content_type": 12, "object_id": 42, "liked_num": 1}}, {"model": "likes.likecount", "pk": 39, "fields": {"content_type": 12, "object_id": 43, "liked_num": 1}}, {"model": "likes.likecount", "pk": 40, "fields": {"content_type": 12, "object_id": 40, "liked_num": 0}}, {"model": "auth.permission", "pk": 1, "fields": {"name": "Can add log entry", "content_type": 1, "codename": "add_logentry"}}, {"model": "auth.permission", "pk": 2, "fields": {"name": "Can change log entry", "content_type": 1, "codename": "change_logentry"}}, {"model": "auth.permission", "pk": 3, "fields": {"name": "Can delete log entry", "content_type": 1, "codename": "delete_logentry"}}, {"model": "auth.permission", "pk": 4, "fields": {"name": "Can view log entry", "content_type": 1, "codename": "view_logentry"}}, {"model": "auth.permission", "pk": 5, "fields": {"name": "Can add permission", "content_type": 2, "codename": "add_permission"}}, {"model": "auth.permission", "pk": 6, "fields": {"name": "Can change permission", "content_type": 2, "codename": "change_permission"}}, {"model": "auth.permission", "pk": 7, "fields": {"name": "Can delete permission", "content_type": 2, "codename": "delete_permission"}}, {"model": "auth.permission", "pk": 8, "fields": {"name": "Can view permission", "content_type": 2, "codename": "view_permission"}}, {"model": "auth.permission", "pk": 9, "fields": {"name": "Can add group", "content_type": 3, "codename": "add_group"}}, {"model": "auth.permission", "pk": 10, "fields": {"name": "Can change group", "content_type": 3, "codename": "change_group"}}, {"model": "auth.permission", "pk": 11, "fields": {"name": "Can delete group", "content_type": 3, "codename": "delete_group"}}, {"model": "auth.permission", "pk": 12, "fields": {"name": "Can view group", "content_type": 3, "codename": "view_group"}}, {"model": "auth.permission", "pk": 13, "fields": {"name": "Can add user", "content_type": 4, "codename": "add_user"}}, {"model": "auth.permission", "pk": 14, "fields": {"name": "Can change user", "content_type": 4, "codename": "change_user"}}, {"model": "auth.permission", "pk": 15, "fields": {"name": "Can delete user", "content_type": 4, "codename": "delete_user"}}, {"model": "auth.permission", "pk": 16, "fields": {"name": "Can view user", "content_type": 4, "codename": "view_user"}}, {"model": "auth.permission", "pk": 17, "fields": {"name": "Can add content type", "content_type": 5, "codename": "add_contenttype"}}, {"model": "auth.permission", "pk": 18, "fields": {"name": "Can change content type", "content_type": 5, "codename": "change_contenttype"}}, {"model": "auth.permission", "pk": 19, "fields": {"name": "Can delete content type", "content_type": 5, "codename": "delete_contenttype"}}, {"model": "auth.permission", "pk": 20, "fields": {"name": "Can view content type", "content_type": 5, "codename": "view_contenttype"}}, {"model": "auth.permission", "pk": 21, "fields": {"name": "Can add session", "content_type": 6, "codename": "add_session"}}, {"model": "auth.permission", "pk": 22, "fields": {"name": "Can change session", "content_type": 6, "codename": "change_session"}}, {"model": "auth.permission", "pk": 23, "fields": {"name": "Can delete session", "content_type": 6, "codename": "delete_session"}}, {"model": "auth.permission", "pk": 24, "fields": {"name": "Can view session", "content_type": 6, "codename": "view_session"}}, {"model": "auth.permission", "pk": 25, "fields": {"name": "Can add blog type", "content_type": 7, "codename": "add_blogtype"}}, {"model": "auth.permission", "pk": 26, "fields": {"name": "Can change blog type", "content_type": 7, "codename": "change_blogtype"}}, {"model": "auth.permission", "pk": 27, "fields": {"name": "Can delete blog type", "content_type": 7, "codename": "delete_blogtype"}}, {"model": "auth.permission", "pk": 28, "fields": {"name": "Can view blog type", "content_type": 7, "codename": "view_blogtype"}}, {"model": "auth.permission", "pk": 29, "fields": {"name": "Can add blog", "content_type": 8, "codename": "add_blog"}}, {"model": "auth.permission", "pk": 30, "fields": {"name": "Can change blog", "content_type": 8, "codename": "change_blog"}}, {"model": "auth.permission", "pk": 31, "fields": {"name": "Can delete blog", "content_type": 8, "codename": "delete_blog"}}, {"model": "auth.permission", "pk": 32, "fields": {"name": "Can view blog", "content_type": 8, "codename": "view_blog"}}, {"model": "auth.permission", "pk": 33, "fields": {"name": "Can add read num", "content_type": 9, "codename": "add_readnum"}}, {"model": "auth.permission", "pk": 34, "fields": {"name": "Can change read num", "content_type": 9, "codename": "change_readnum"}}, {"model": "auth.permission", "pk": 35, "fields": {"name": "Can delete read num", "content_type": 9, "codename": "delete_readnum"}}, {"model": "auth.permission", "pk": 36, "fields": {"name": "Can view read num", "content_type": 9, "codename": "view_readnum"}}, {"model": "auth.permission", "pk": 37, "fields": {"name": "Can add read num", "content_type": 10, "codename": "add_readnum"}}, {"model": "auth.permission", "pk": 38, "fields": {"name": "Can change read num", "content_type": 10, "codename": "change_readnum"}}, {"model": "auth.permission", "pk": 39, "fields": {"name": "Can delete read num", "content_type": 10, "codename": "delete_readnum"}}, {"model": "auth.permission", "pk": 40, "fields": {"name": "Can view read num", "content_type": 10, "codename": "view_readnum"}}, {"model": "auth.permission", "pk": 41, "fields": {"name": "Can add read detail", "content_type": 11, "codename": "add_readdetail"}}, {"model": "auth.permission", "pk": 42, "fields": {"name": "Can change read detail", "content_type": 11, "codename": "change_readdetail"}}, {"model": "auth.permission", "pk": 43, "fields": {"name": "Can delete read detail", "content_type": 11, "codename": "delete_readdetail"}}, {"model": "auth.permission", "pk": 44, "fields": {"name": "Can view read detail", "content_type": 11, "codename": "view_readdetail"}}, {"model": "auth.permission", "pk": 45, "fields": {"name": "Can add comment", "content_type": 12, "codename": "add_comment"}}, {"model": "auth.permission", "pk": 46, "fields": {"name": "Can change comment", "content_type": 12, "codename": "change_comment"}}, {"model": "auth.permission", "pk": 47, "fields": {"name": "Can delete comment", "content_type": 12, "codename": "delete_comment"}}, {"model": "auth.permission", "pk": 48, "fields": {"name": "Can view comment", "content_type": 12, "codename": "view_comment"}}, {"model": "auth.permission", "pk": 49, "fields": {"name": "Can add like record", "content_type": 13, "codename": "add_likerecord"}}, {"model": "auth.permission", "pk": 50, "fields": {"name": "Can change like record", "content_type": 13, "codename": "change_likerecord"}}, {"model": "auth.permission", "pk": 51, "fields": {"name": "Can delete like record", "content_type": 13, "codename": "delete_likerecord"}}, {"model": "auth.permission", "pk": 52, "fields": {"name": "Can view like record", "content_type": 13, "codename": "view_likerecord"}}, {"model": "auth.permission", "pk": 53, "fields": {"name": "Can add like count", "content_type": 14, "codename": "add_likecount"}}, {"model": "auth.permission", "pk": 54, "fields": {"name": "Can change like count", "content_type": 14, "codename": "change_likecount"}}, {"model": "auth.permission", "pk": 55, "fields": {"name": "Can delete like count", "content_type": 14, "codename": "delete_likecount"}}, {"model": "auth.permission", "pk": 56, "fields": {"name": "Can view like count", "content_type": 14, "codename": "view_likecount"}}, {"model": "auth.permission", "pk": 57, "fields": {"name": "Can add profile", "content_type": 15, "codename": "add_profile"}}, {"model": "auth.permission", "pk": 58, "fields": {"name": "Can change profile", "content_type": 15, "codename": "change_profile"}}, {"model": "auth.permission", "pk": 59, "fields": {"name": "Can delete profile", "content_type": 15, "codename": "delete_profile"}}, {"model": "auth.permission", "pk": 60, "fields": {"name": "Can view profile", "content_type": 15, "codename": "view_profile"}}, {"model": "auth.user", "pk": 1, "fields": {"password": "pbkdf2_sha256$180000$KefVcPYTZ1KJ$sWVFMlCx8GASOSQeiwVMRuM6vwt2duZh+5MRJzXMPQo=", "last_login": "2020-02-26T00:41:00Z", "is_superuser": true, "username": "hanjiangong", "first_name": "", "last_name": "", "email": "2864595564@qq.com", "is_staff": true, "is_active": true, "date_joined": "2020-02-10T03:21:00Z", "groups": [], "user_permissions": []}}, {"model": "auth.user", "pk": 2, "fields": {"password": "pbkdf2_sha256$180000$uVxprLZC4LxN$6iWqc9HO+DoXTRmuxNaLmkIlbDGd93dsq6gRM/YZJtA=", "last_login": "2020-02-23T14:31:47.346Z", "is_superuser": false, "username": "asd", "first_name": "", "last_name": "", "email": "asd@qq.com", "is_staff": false, "is_active": true, "date_joined": "2020-02-17T03:13:40.309Z", "groups": [], "user_permissions": []}}, {"model": "blog.blog", "pk": 1, "fields": {"title": "\u7b2c\u4e00\u7bc7\u535a\u5ba2", "blog_type": 2, "content": "hello world!", "author": 1, "created_time": "2020-02-10T03:54:56.466Z", "last_updated_time": "2020-02-10T06:38:39.889Z"}}, {"model": "blog.blog", "pk": 2, "fields": {"title": "\u7b2c\u4e8c\u7bc7\u535a\u5ba2", "blog_type": 4, "content": "def blog_detail(request, blog_pk):                        \r\n    context = {}                                          \r\n    context['blog'] = get_object_or_404(Blog, pk=blog_pk) \r\n    return render(request, 'blog_detail.html', context)", "author": 1, "created_time": "2020-02-10T08:36:02.979Z", "last_updated_time": "2020-02-10T08:45:10.051Z"}}, {"model": "blog.blog", "pk": 3, "fields": {"title": "\u968f\u7b142", "blog_type": 2, "content": "\u5a03\u5927\u738b\u5927", "author": 1, "created_time": "2020-02-10T09:17:35.881Z", "last_updated_time": "2020-02-10T09:17:35.881Z"}}, {"model": "blog.blog", "pk": 4, "fields": {"title": "python2", "blog_type": 4, "content": "\u6728\u5927\u6728\u5927\u6728nu", "author": 1, "created_time": "2020-02-10T09:18:04.060Z", "last_updated_time": "2020-02-10T13:38:14.652Z"}}, {"model": "blog.blog", "pk": 5, "fields": {"title": "Date", "blog_type": 2, "content": "TIME_ZONE = 'Asia/Shanghai'", "author": 1, "created_time": "2020-02-10T13:38:02.732Z", "last_updated_time": "2020-02-10T13:38:02.732Z"}}, {"model": "blog.blog", "pk": 6, "fields": {"title": "\u957f\u535a\u5ba2", "blog_type": 2, "content": "\u7ea2\u7ea2\u706b\u706b\u604d\u604d\u60da\u60da\u548c\u7ea2\u7ea2\u706b\u706b\u7ea2\u7ea2\u706b\u706b\u604d\u604d\u60da\u60da\u548c\u7ea2\u7ea2\u706b\u706b\u7ea2\u7ea2\u706b\u706b\u604d\u604d\u60da\u60da\u548c\u7ea2\u7ea2\u706b\u706b\u7ea2\u7ea2\u706b\u706b\u604d\u604d\u60da\u60da\u548c\u7ea2\u7ea2\u706b\u706b\u7ea2\u7ea2\u706b\u706b\u604d\u604d\u60da\u60da\u548c\u7ea2\u7ea2\u706b\u706b\u7ea2\u7ea2\u706b\u706b\u604d\u604d\u60da\u60da\u548c\u7ea2\u7ea2\u706b\u706b\u7ea2\u7ea2\u706b\u706b\u604d\u604d\u60da\u60da\u548c\u7ea2\u7ea2\u706b\u706b\u7ea2\u7ea2\u706b\u706b\u604d\u604d\u60da\u60da\u548c\u7ea2\u7ea2\u706b\u706b\u7ea2\u7ea2\u706b\u706b\u604d\u604d\u60da\u60da\u548c\u7ea2\u7ea2\u706b\u706b\u7ea2\u7ea2\u706b\u706b\u604d\u604d\u60da\u60da\u548c\u7ea2\u7ea2\u706b\u706b\u7ea2\u7ea2\u706b\u706b\u604d\u604d\u60da\u60da\u548c\u7ea2\u7ea2\u706b\u706b\u7ea2\u7ea2\u706b\u706b\u604d\u604d\u60da\u60da\u548c\u7ea2\u7ea2\u706b\u706b\u7ea2\u7ea2\u706b\u706b\u604d\u604d\u60da\u60da\u548c\u7ea2\u7ea2\u706b\u706b\u7ea2\u7ea2\u706b\u706b\u604d\u604d\u60da\u60da\u548c\u7ea2\u7ea2\u706b\u706b\u7ea2\u7ea2\u706b\u706b\u604d\u604d\u60da\u60da\u548c\u7ea2\u7ea2\u706b\u706b\u7ea2\u7ea2\u706b\u706b\u604d\u604d\u60da\u60da\u548c\u7ea2\u7ea2\u706b\u706b\u7ea2\u7ea2\u706b\u706b\u604d\u604d\u60da\u60da\u548c\u7ea2\u7ea2\u706b\u706b\u7ea2\u7ea2\u706b\u706b\u604d\u604d\u60da\u60da\u548c\u7ea2\u7ea2\u706b\u706b\u7ea2\u7ea2\u706b\u706b\u604d\u604d\u60da\u60da\u548c\u7ea2\u7ea2\u706b\u706b\u7ea2\u7ea2\u706b\u706b\u604d\u604d\u60da\u60da\u548c\u7ea2\u7ea2\u706b\u706b\u7ea2\u7ea2\u706b\u706b\u604d\u604d\u60da\u60da\u548c\u7ea2\u7ea2\u706b\u706b\u7ea2\u7ea2\u706b\u706b\u604d\u604d\u60da\u60da\u548c\u7ea2\u7ea2\u706b\u706b\u7ea2\u7ea2\u706b\u706b\u604d\u604d\u60da\u60da\u548c\u7ea2\u7ea2\u706b\u706b\u7ea2\u7ea2\u706b\u706b\u604d\u604d\u60da\u60da\u548c\u7ea2\u7ea2\u706b\u706b\u7ea2\u7ea2\u706b\u706b\u604d\u604d\u60da\u60da\u548c\u7ea2\u7ea2\u706b\u706b\u7ea2\u7ea2\u706b\u706b\u604d\u604d\u60da\u60da\u548c\u7ea2\u7ea2\u706b\u706b\u7ea2\u7ea2\u706b\u706b\u604d\u604d\u60da\u60da\u548c\u7ea2\u7ea2\u706b\u706b\u7ea2\u7ea2\u706b\u706b\u604d\u604d\u60da\u60da\u548c\u7ea2\u7ea2\u706b\u706b\u7ea2\u7ea2\u706b\u706b\u604d\u604d\u60da\u60da\u548c\u7ea2\u7ea2\u706b\u706b\u7ea2\u7ea2\u706b\u706b\u604d\u604d\u60da\u60da\u548c\u7ea2\u7ea2\u706b\u706b\u7ea2\u7ea2\u706b\u706b\u604d\u604d\u60da\u60da\u548c\u7ea2\u7ea2\u706b\u706b\u7ea2\u7ea2\u706b\u706b\u604d\u604d\u60da\u60da\u548c\u7ea2\u7ea2\u706b\u706b\u7ea2\u7ea2\u706b\u706b\u604d\u604d\u60da\u60da\u548c\u7ea2\u7ea2\u706b\u706b\u7ea2\u7ea2\u706b\u706b\u604d\u604d\u60da\u60da\u548c\u7ea2\u7ea2\u706b\u706b\u7ea2\u7ea2\u706b\u706b\u604d\u604d\u60da\u60da\u548c\u7ea2\u7ea2\u706b\u706b\u7ea2\u7ea2\u706b\u706b\u604d\u604d\u60da\u60da\u548c\u7ea2\u7ea2\u706b\u706b\u7ea2\u7ea2\u706b\u706b\u604d\u604d\u60da\u60da\u548c\u7ea2\u7ea2\u706b\u706b\u7ea2\u7ea2\u706b\u706b\u604d\u604d\u60da\u60da\u548c\u7ea2\u7ea2\u706b\u706b\u7ea2\u7ea2\u706b\u706b\u604d\u604d\u60da\u60da\u548c\u7ea2\u7ea2\u706b\u706b\u7ea2\u7ea2\u706b\u706b\u604d\u604d\u60da\u60da\u548c\u7ea2\u7ea2\u706b\u706b\u7ea2\u7ea2\u706b\u706b\u604d\u604d\u60da\u60da\u548c\u7ea2\u7ea2\u706b\u706b\u7ea2\u7ea2\u706b\u706b\u604d\u604d\u60da\u60da\u548c\u7ea2\u7ea2\u706b\u706b\u7ea2\u7ea2\u706b\u706b\u604d\u604d\u60da\u60da\u548c\u7ea2\u7ea2\u706b\u706b\u7ea2\u7ea2\u706b\u706b\u604d\u604d\u60da\u60da\u548c\u7ea2\u7ea2\u706b\u706b\u7ea2\u7ea2\u706b\u706b\u604d\u604d\u60da\u60da\u548c\u7ea2\u7ea2\u706b\u706b\u7ea2\u7ea2\u706b\u706b\u604d\u604d\u60da\u60da\u548c\u7ea2\u7ea2\u706b\u706b\u7ea2\u7ea2\u706b\u706b\u604d\u604d\u60da\u60da\u548c\u7ea2\u7ea2\u706b\u706b\u7ea2\u7ea2\u706b\u706b\u604d\u604d\u60da\u60da\u548c\u7ea2\u7ea2\u706b\u706b\u7ea2\u7ea2\u706b\u706b\u604d\u604d\u60da\u60da\u548c\u7ea2\u7ea2\u706b\u706b\u7ea2\u7ea2\u706b\u706b\u604d\u604d\u60da\u60da\u548c\u7ea2\u7ea2\u706b\u706b\u7ea2\u7ea2\u706b\u706b\u604d\u604d\u60da\u60da\u548c\u7ea2\u7ea2\u706b\u706b\u7ea2\u7ea2\u706b\u706b\u604d\u604d\u60da\u60da\u548c\u7ea2\u7ea2\u706b\u706b\u7ea2\u7ea2\u706b\u706b\u604d\u604d\u60da\u60da\u548c\u7ea2\u7ea2\u706b\u706b\u7ea2\u7ea2\u706b\u706b\u604d\u604d\u60da\u60da\u548c\u7ea2\u7ea2\u706b\u706b\u7ea2\u7ea2\u706b\u706b\u604d\u604d\u60da\u60da\u548c\u7ea2\u7ea2\u706b\u706b\u7ea2\u7ea2\u706b\u706b\u604d\u604d\u60da\u60da\u548c\u7ea2\u7ea2\u706b\u706b\u7ea2\u7ea2\u706b\u706b\u604d\u604d\u60da\u60da\u548c\u7ea2\u7ea2\u706b\u706b\u7ea2\u7ea2\u706b\u706b\u604d\u604d\u60da\u60da\u548c\u7ea2\u7ea2\u706b\u706b\u7ea2\u7ea2\u706b\u706b\u604d\u604d\u60da\u60da\u548c\u7ea2\u7ea2\u706b\u706b\u7ea2\u7ea2\u706b\u706b\u604d\u604d\u60da\u60da\u548c\u7ea2\u7ea2\u706b\u706b\u7ea2\u7ea2\u706b\u706b\u604d\u604d\u60da\u60da\u548c\u7ea2\u7ea2\u706b\u706b\u7ea2\u7ea2\u706b\u706b\u604d\u604d\u60da\u60da\u548c\u7ea2\u7ea2\u706b\u706b\u7ea2\u7ea2\u706b\u706b\u604d\u604d\u60da\u60da\u548c\u7ea2\u7ea2\u706b\u706b\u7ea2\u7ea2\u706b\u706b\u604d\u604d\u60da\u60da\u548c\u7ea2\u7ea2\u706b\u706b\u7ea2\u7ea2\u706b\u706b\u604d\u604d\u60da\u60da\u548c\u7ea2\u7ea2\u706b\u706b\u7ea2\u7ea2\u706b\u706b\u604d\u604d\u60da\u60da\u548c\u7ea2\u7ea2\u706b\u706b\u7ea2\u7ea2\u706b\u706b\u604d\u604d\u60da\u60da\u548c\u7ea2\u7ea2\u706b\u706b\u7ea2\u7ea2\u706b\u706b\u604d\u604d\u60da\u60da\u548c\u7ea2\u7ea2\u706b\u706b\u7ea2\u7ea2\u706b\u706b\u604d\u604d\u60da\u60da\u548c\u7ea2\u7ea2\u706b\u706b\u7ea2\u7ea2\u706b\u706b\u604d\u604d\u60da\u60da\u548c\u7ea2\u7ea2\u706b\u706b\u7ea2\u7ea2\u706b\u706b\u604d\u604d\u60da\u60da\u548c\u7ea2\u7ea2\u706b\u706b\u7ea2\u7ea2\u706b\u706b\u604d\u604d\u60da\u60da\u548c\u7ea2\u7ea2\u706b\u706b\u7ea2\u7ea2\u706b\u706b\u604d\u604d\u60da\u60da\u548c\u7ea2\u7ea2\u706b\u706b\u7ea2\u7ea2\u706b\u706b\u604d\u604d\u60da\u60da\u548c\u7ea2\u7ea2\u706b\u706b\u7ea2\u7ea2\u706b\u706b\u604d\u604d\u60da\u60da\u548c\u7ea2\u7ea2\u706b\u706b\u7ea2\u7ea2\u706b\u706b\u604d\u604d\u60da\u60da\u548c\u7ea2\u7ea2\u706b\u706b\u7ea2\u7ea2\u706b\u706b\u604d\u604d\u60da\u60da\u548c\u7ea2\u7ea2\u706b\u706b\u7ea2\u7ea2\u706b\u706b\u604d\u604d\u60da\u60da\u548c\u7ea2\u7ea2\u706b\u706b\u7ea2\u7ea2\u706b\u706b\u604d\u604d\u60da\u60da\u548c\u7ea2\u7ea2\u706b\u706b\u7ea2\u7ea2\u706b\u706b\u604d\u604d\u60da\u60da\u548c\u7ea2\u7ea2\u706b\u706b\u7ea2\u7ea2\u706b\u706b\u604d\u604d\u60da\u60da\u548c\u7ea2\u7ea2\u706b\u706b\u7ea2\u7ea2\u706b\u706b\u604d\u604d\u60da\u60da\u548c\u7ea2\u7ea2\u706b\u706b\u7ea2\u7ea2\u706b\u706b\u604d\u604d\u60da\u60da\u548c\u7ea2\u7ea2\u706b\u706b\u7ea2\u7ea2\u706b\u706b\u604d\u604d\u60da\u60da\u548c\u7ea2\u7ea2\u706b\u706b\u7ea2\u7ea2\u706b\u706b\u604d\u604d\u60da\u60da\u548c\u7ea2\u7ea2\u706b\u706b\u7ea2\u7ea2\u706b\u706b\u604d\u604d\u60da\u60da\u548c\u7ea2\u7ea2\u706b\u706b\u7ea2\u7ea2\u706b\u706b\u604d\u604d\u60da\u60da\u548c\u7ea2\u7ea2\u706b\u706b\u7ea2\u7ea2\u706b\u706b\u604d\u604d\u60da\u60da\u548c\u7ea2\u7ea2\u706b\u706b\u7ea2\u7ea2\u706b\u706b\u604d\u604d\u60da\u60da\u548c\u7ea2\u7ea2\u706b\u706b\u7ea2\u7ea2\u706b\u706b\u604d\u604d\u60da\u60da\u548c\u7ea2\u7ea2\u706b\u706b\u7ea2\u7ea2\u706b\u706b\u604d\u604d\u60da\u60da\u548c\u7ea2\u7ea2\u706b\u706b\u7ea2\u7ea2\u706b\u706b\u604d\u604d\u60da\u60da\u548c\u7ea2\u7ea2\u706b\u706b\u7ea2\u7ea2\u706b\u706b\u604d\u604d\u60da\u60da\u548c\u7ea2\u7ea2\u706b\u706b\u7ea2\u7ea2\u706b\u706b\u604d\u604d\u60da\u60da\u548c\u7ea2\u7ea2\u706b\u706b\u7ea2\u7ea2\u706b\u706b\u604d\u604d\u60da\u60da\u548c\u7ea2\u7ea2\u706b\u706b\u7ea2\u7ea2\u706b\u706b\u604d\u604d\u60da\u60da\u548c\u7ea2\u7ea2\u706b\u706b\u7ea2\u7ea2\u706b\u706b\u604d\u604d\u60da\u60da\u548c\u7ea2\u7ea2\u706b\u706b\u7ea2\u7ea2\u706b\u706b\u604d\u604d\u60da\u60da\u548c\u7ea2\u7ea2\u706b\u706b\u7ea2\u7ea2\u706b\u706b\u604d\u604d\u60da\u60da\u548c\u7ea2\u7ea2\u706b\u706b\u7ea2\u7ea2\u706b\u706b\u604d\u604d\u60da\u60da\u548c\u7ea2\u7ea2\u706b\u706b\u7ea2\u7ea2\u706b\u706b\u604d\u604d\u60da\u60da\u548c\u7ea2\u7ea2\u706b\u706b\u7ea2\u7ea2\u706b\u706b\u604d\u604d\u60da\u60da\u548c\u7ea2\u7ea2\u706b\u706b\u7ea2\u7ea2\u706b\u706b\u604d\u604d\u60da\u60da\u548c\u7ea2\u7ea2\u706b\u706b\u7ea2\u7ea2\u706b\u706b\u604d\u604d\u60da\u60da\u548c\u7ea2\u7ea2\u706b\u706b\u7ea2\u7ea2\u706b\u706b\u604d\u604d\u60da\u60da\u548c\u7ea2\u7ea2\u706b\u706b\u7ea2\u7ea2\u706b\u706b\u604d\u604d\u60da\u60da\u548c\u7ea2\u7ea2\u706b\u706b\u7ea2\u7ea2\u706b\u706b\u604d\u604d\u60da\u60da\u548c\u7ea2\u7ea2\u706b\u706b\u7ea2\u7ea2\u706b\u706b\u604d\u604d\u60da\u60da\u548c\u7ea2\u7ea2\u706b\u706b\u7ea2\u7ea2\u706b\u706b\u604d\u604d\u60da\u60da\u548c\u7ea2\u7ea2\u706b\u706b\u7ea2\u7ea2\u706b\u706b\u604d\u604d\u60da\u60da\u548c\u7ea2\u7ea2\u706b\u706b\u7ea2\u7ea2\u706b\u706b\u604d\u604d\u60da\u60da\u548c\u7ea2\u7ea2\u706b\u706b\u7ea2\u7ea2\u706b\u706b\u604d\u604d\u60da\u60da\u548c\u7ea2\u7ea2\u706b\u706b\u7ea2\u7ea2\u706b\u706b\u604d\u604d\u60da\u60da\u548c\u7ea2\u7ea2\u706b\u706b\u7ea2\u7ea2\u706b\u706b\u604d\u604d\u60da\u60da\u548c\u7ea2\u7ea2\u706b\u706b\u7ea2\u7ea2\u706b\u706b\u604d\u604d\u60da\u60da\u548c\u7ea2\u7ea2\u706b\u706b\u7ea2\u7ea2\u706b\u706b\u604d\u604d\u60da\u60da\u548c\u7ea2\u7ea2\u706b\u706b\u7ea2\u7ea2\u706b\u706b\u604d\u604d\u60da\u60da\u548c\u7ea2\u7ea2\u706b\u706b\u7ea2\u7ea2\u706b\u706b\u604d\u604d\u60da\u60da\u548c\u7ea2\u7ea2\u706b\u706b\u7ea2\u7ea2\u706b\u706b\u604d\u604d\u60da\u60da\u548c\u7ea2\u7ea2\u706b\u706b\u7ea2\u7ea2\u706b\u706b\u604d\u604d\u60da\u60da\u548c\u7ea2\u7ea2\u706b\u706b", "author": 1, "created_time": "2020-02-12T00:41:40.387Z", "last_updated_time": "2020-02-12T00:41:40.387Z"}}, {"model": "blog.blog", "pk": 7, "fields": {"title": "shell\u6a21\u5f0f\u7b2c\u4e00\u7bc7\u535a\u5ba2", "blog_type": 1, "content": "xxxxxxxxxxx", "author": 1, "created_time": "2020-02-12T07:25:02.929Z", "last_updated_time": "2020-02-12T07:25:02.929Z"}}, {"model": "blog.blog", "pk": 8, "fields": {"title": "for 1", "blog_type": 1, "content": "xxxxxx 1", "author": 1, "created_time": "2020-02-12T07:31:56.673Z", "last_updated_time": "2020-02-12T07:31:56.673Z"}}, {"model": "blog.blog", "pk": 9, "fields": {"title": "for 2", "blog_type": 1, "content": "xxxxxx 2", "author": 1, "created_time": "2020-02-12T07:31:56.677Z", "last_updated_time": "2020-02-12T07:31:56.677Z"}}, {"model": "blog.blog", "pk": 10, "fields": {"title": "for 3", "blog_type": 1, "content": "xxxxxx 3", "author": 1, "created_time": "2020-02-12T07:31:56.679Z", "last_updated_time": "2020-02-12T07:31:56.679Z"}}, {"model": "blog.blog", "pk": 11, "fields": {"title": "for 4", "blog_type": 1, "content": "xxxxxx 4", "author": 1, "created_time": "2020-02-12T07:31:56.681Z", "last_updated_time": "2020-02-12T07:31:56.681Z"}}, {"model": "blog.blog", "pk": 12, "fields": {"title": "for 5", "blog_type": 1, "content": "xxxxxx 5", "author": 1, "created_time": "2020-02-12T07:31:56.683Z", "last_updated_time": "2020-02-12T07:31:56.683Z"}}, {"model": "blog.blog", "pk": 13, "fields": {"title": "for 6", "blog_type": 1, "content": "xxxxxx 6", "author": 1, "created_time": "2020-02-12T07:31:56.686Z", "last_updated_time": "2020-02-12T07:31:56.686Z"}}, {"model": "blog.blog", "pk": 14, "fields": {"title": "for 7", "blog_type": 1, "content": "xxxxxx 7", "author": 1, "created_time": "2020-02-12T07:31:56.689Z", "last_updated_time": "2020-02-12T07:31:56.689Z"}}, {"model": "blog.blog", "pk": 15, "fields": {"title": "for 8", "blog_type": 1, "content": "xxxxxx 8", "author": 1, "created_time": "2020-02-12T07:31:56.691Z", "last_updated_time": "2020-02-12T07:31:56.691Z"}}, {"model": "blog.blog", "pk": 16, "fields": {"title": "for 9", "blog_type": 1, "content": "xxxxxx 9", "author": 1, "created_time": "2020-02-12T07:31:56.692Z", "last_updated_time": "2020-02-12T07:31:56.693Z"}}, {"model": "blog.blog", "pk": 17, "fields": {"title": "for 10", "blog_type": 1, "content": "xxxxxx 10", "author": 1, "created_time": "2020-02-12T07:31:56.694Z", "last_updated_time": "2020-02-12T07:31:56.694Z"}}, {"model": "blog.blog", "pk": 18, "fields": {"title": "for 11", "blog_type": 1, "content": "xxxxxx 11", "author": 1, "created_time": "2020-02-12T07:31:56.696Z", "last_updated_time": "2020-02-12T07:31:56.696Z"}}, {"model": "blog.blog", "pk": 19, "fields": {"title": "for 12", "blog_type": 1, "content": "xxxxxx 12", "author": 1, "created_time": "2020-02-12T07:31:56.698Z", "last_updated_time": "2020-02-12T07:31:56.698Z"}}, {"model": "blog.blog", "pk": 20, "fields": {"title": "for 13", "blog_type": 1, "content": "xxxxxx 13", "author": 1, "created_time": "2020-02-12T07:31:56.699Z", "last_updated_time": "2020-02-12T07:31:56.699Z"}}, {"model": "blog.blog", "pk": 21, "fields": {"title": "for 14", "blog_type": 1, "content": "xxxxxx 14", "author": 1, "created_time": "2020-02-12T07:31:56.701Z", "last_updated_time": "2020-02-12T07:31:56.701Z"}}, {"model": "blog.blog", "pk": 22, "fields": {"title": "for 15", "blog_type": 1, "content": "xxxxxx 15", "author": 1, "created_time": "2020-02-12T07:31:56.703Z", "last_updated_time": "2020-02-12T07:31:56.703Z"}}, {"model": "blog.blog", "pk": 23, "fields": {"title": "for 16", "blog_type": 1, "content": "xxxxxx 16", "author": 1, "created_time": "2020-02-12T07:31:56.705Z", "last_updated_time": "2020-02-12T07:31:56.705Z"}}, {"model": "blog.blog", "pk": 24, "fields": {"title": "for 17", "blog_type": 1, "content": "xxxxxx 17", "author": 1, "created_time": "2020-02-12T07:31:56.707Z", "last_updated_time": "2020-02-12T07:31:56.707Z"}}, {"model": "blog.blog", "pk": 25, "fields": {"title": "for 18", "blog_type": 1, "content": "xxxxxx 18", "author": 1, "created_time": "2020-02-12T07:31:56.708Z", "last_updated_time": "2020-02-12T07:31:56.708Z"}}, {"model": "blog.blog", "pk": 26, "fields": {"title": "for 19", "blog_type": 1, "content": "xxxxxx 19", "author": 1, "created_time": "2020-02-12T07:31:56.710Z", "last_updated_time": "2020-02-12T07:31:56.710Z"}}, {"model": "blog.blog", "pk": 27, "fields": {"title": "for 20", "blog_type": 1, "content": "xxxxxx 20", "author": 1, "created_time": "2020-02-12T07:31:56.711Z", "last_updated_time": "2020-02-12T07:31:56.711Z"}}, {"model": "blog.blog", "pk": 28, "fields": {"title": "for 21", "blog_type": 1, "content": "xxxxxx 21", "author": 1, "created_time": "2020-02-12T07:31:56.713Z", "last_updated_time": "2020-02-12T07:31:56.713Z"}}, {"model": "blog.blog", "pk": 29, "fields": {"title": "for 22", "blog_type": 1, "content": "xxxxxx 22", "author": 1, "created_time": "2020-02-12T07:31:56.714Z", "last_updated_time": "2020-02-12T07:31:56.715Z"}}, {"model": "blog.blog", "pk": 30, "fields": {"title": "for 23", "blog_type": 1, "content": "xxxxxx 23", "author": 1, "created_time": "2020-02-12T07:31:56.716Z", "last_updated_time": "2020-02-12T07:31:56.716Z"}}, {"model": "blog.blog", "pk": 31, "fields": {"title": "for 24", "blog_type": 1, "content": "xxxxxx 24", "author": 1, "created_time": "2020-02-12T07:31:56.718Z", "last_updated_time": "2020-02-12T07:31:56.718Z"}}, {"model": "blog.blog", "pk": 32, "fields": {"title": "for 25", "blog_type": 1, "content": "xxxxxx 25", "author": 1, "created_time": "2020-02-12T07:31:56.719Z", "last_updated_time": "2020-02-12T07:31:56.719Z"}}, {"model": "blog.blog", "pk": 33, "fields": {"title": "for 26", "blog_type": 1, "content": "xxxxxx 26", "author": 1, "created_time": "2020-02-12T07:31:56.721Z", "last_updated_time": "2020-02-12T07:31:56.721Z"}}, {"model": "blog.blog", "pk": 34, "fields": {"title": "for 27", "blog_type": 1, "content": "xxxxxx 27", "author": 1, "created_time": "2020-02-12T07:31:56.723Z", "last_updated_time": "2020-02-12T07:31:56.723Z"}}, {"model": "blog.blog", "pk": 35, "fields": {"title": "for 28", "blog_type": 1, "content": "xxxxxx 28", "author": 1, "created_time": "2020-02-12T07:31:56.724Z", "last_updated_time": "2020-02-12T07:31:56.724Z"}}, {"model": "blog.blog", "pk": 36, "fields": {"title": "for 29", "blog_type": 1, "content": "xxxxxx 29", "author": 1, "created_time": "2020-02-12T07:31:56.726Z", "last_updated_time": "2020-02-12T07:31:56.726Z"}}, {"model": "blog.blog", "pk": 37, "fields": {"title": "for 30", "blog_type": 1, "content": "xxxxxx 30", "author": 1, "created_time": "2020-02-12T07:31:56.727Z", "last_updated_time": "2020-02-12T07:31:56.727Z"}}, {"model": "blog.blog", "pk": 38, "fields": {"title": "for 31", "blog_type": 1, "content": "<h1>xxxxxxx31</h1>\r\n\r\n<p><strong>adadwawdaw</strong></p>\r\n\r\n<p><strong><img alt=\"\" src=\"/media/upload/2020/02/13/12_29_2018_15_48_35_1618png.png\" style=\"height:640px; width:640px\" /></strong></p>\r\n\r\n<h3><span style=\"background-color:#1abc9c\">zxczxczxc</span></h3>", "author": 1, "created_time": "2020-02-13T04:08:52.086Z", "last_updated_time": "2020-02-13T11:05:43.495Z"}}, {"model": "comment.comment", "pk": 1, "fields": {"content_type": 8, "object_id": 37, "text": "123", "comment_time": "2020-02-16T07:43:07.885Z", "user": 1, "root": null, "parent": null, "reply_to": null}}, {"model": "comment.comment", "pk": 2, "fields": {"content_type": 8, "object_id": 37, "text": "456", "comment_time": "2020-02-16T08:20:56.990Z", "user": 1, "root": null, "parent": null, "reply_to": null}}, {"model": "comment.comment", "pk": 3, "fields": {"content_type": 8, "object_id": 37, "text": "789", "comment_time": "2020-02-16T08:21:00.156Z", "user": 1, "root": null, "parent": null, "reply_to": null}}, {"model": "comment.comment", "pk": 4, "fields": {"content_type": 8, "object_id": 37, "text": "asd", "comment_time": "2020-02-16T08:40:44.449Z", "user": 1, "root": null, "parent": null, "reply_to": null}}, {"model": "comment.comment", "pk": 5, "fields": {"content_type": 8, "object_id": 38, "text": "qwe", "comment_time": "2020-02-17T07:25:03.375Z", "user": 2, "root": null, "parent": null, "reply_to": null}}, {"model": "comment.comment", "pk": 6, "fields": {"content_type": 8, "object_id": 37, "text": "zxc", "comment_time": "2020-02-17T08:02:35.815Z", "user": 2, "root": null, "parent": null, "reply_to": null}}, {"model": "comment.comment", "pk": 7, "fields": {"content_type": 8, "object_id": 37, "text": "<p>qwe</p>", "comment_time": "2020-02-17T08:49:04.441Z", "user": 2, "root": null, "parent": null, "reply_to": null}}, {"model": "comment.comment", "pk": 8, "fields": {"content_type": 8, "object_id": 37, "text": "<p>899</p>", "comment_time": "2020-02-17T09:08:44.502Z", "user": 2, "root": null, "parent": null, "reply_to": null}}, {"model": "comment.comment", "pk": 9, "fields": {"content_type": 8, "object_id": 37, "text": "<p>899</p>", "comment_time": "2020-02-17T09:08:46.514Z", "user": 2, "root": null, "parent": null, "reply_to": null}}, {"model": "comment.comment", "pk": 10, "fields": {"content_type": 8, "object_id": 37, "text": "<p>qqqq</p>", "comment_time": "2020-02-17T09:09:17.523Z", "user": 2, "root": null, "parent": null, "reply_to": null}}, {"model": "comment.comment", "pk": 11, "fields": {"content_type": 8, "object_id": 37, "text": "<p>1</p>", "comment_time": "2020-02-17T09:11:50.510Z", "user": 2, "root": null, "parent": null, "reply_to": null}}, {"model": "comment.comment", "pk": 12, "fields": {"content_type": 8, "object_id": 37, "text": "<p>2</p>", "comment_time": "2020-02-17T09:14:48.783Z", "user": 2, "root": null, "parent": null, "reply_to": null}}, {"model": "comment.comment", "pk": 13, "fields": {"content_type": 8, "object_id": 37, "text": "<p>3</p>", "comment_time": "2020-02-17T09:23:11.126Z", "user": 2, "root": null, "parent": null, "reply_to": null}}, {"model": "comment.comment", "pk": 14, "fields": {"content_type": 8, "object_id": 37, "text": "<p>4</p>", "comment_time": "2020-02-17T09:36:21.742Z", "user": 2, "root": null, "parent": null, "reply_to": null}}, {"model": "comment.comment", "pk": 15, "fields": {"content_type": 8, "object_id": 37, "text": "<p>5</p>", "comment_time": "2020-02-17T09:36:37.828Z", "user": 2, "root": null, "parent": null, "reply_to": null}}, {"model": "comment.comment", "pk": 16, "fields": {"content_type": 8, "object_id": 38, "text": "<p>1</p>", "comment_time": "2020-02-17T09:41:09.645Z", "user": 2, "root": null, "parent": null, "reply_to": null}}, {"model": "comment.comment", "pk": 17, "fields": {"content_type": 8, "object_id": 38, "text": "<p><img alt=\"smiley\" height=\"23\" src=\"http://localhost:8000/static/ckeditor/ckeditor/plugins/smiley/images/regular_smile.png\" title=\"smiley\" width=\"23\" /></p>", "comment_time": "2020-02-17T10:53:38.470Z", "user": 2, "root": null, "parent": null, "reply_to": null}}, {"model": "comment.comment", "pk": 18, "fields": {"content_type": 8, "object_id": 38, "text": "<p><img alt=\"broken heart\" height=\"23\" src=\"http://localhost:8000/static/ckeditor/ckeditor/plugins/smiley/images/broken_heart.png\" title=\"broken heart\" width=\"23\" /></p>", "comment_time": "2020-02-17T10:54:18.228Z", "user": 1, "root": null, "parent": null, "reply_to": null}}, {"model": "comment.comment", "pk": 19, "fields": {"content_type": 8, "object_id": 38, "text": "<p><strong>asd</strong></p>", "comment_time": "2020-02-17T10:54:40.818Z", "user": 1, "root": null, "parent": null, "reply_to": null}}, {"model": "comment.comment", "pk": 20, "fields": {"content_type": 8, "object_id": 38, "text": "<p>cvb</p>", "comment_time": "2020-02-17T10:56:05.893Z", "user": 1, "root": null, "parent": null, "reply_to": null}}, {"model": "comment.comment", "pk": 21, "fields": {"content_type": 8, "object_id": 38, "text": "<p>qwe</p>", "comment_time": "2020-02-17T10:57:41.264Z", "user": 1, "root": null, "parent": null, "reply_to": null}}, {"model": "comment.comment", "pk": 22, "fields": {"content_type": 8, "object_id": 38, "text": "<p><u>123123</u></p>", "comment_time": "2020-02-17T10:58:23.269Z", "user": 1, "root": null, "parent": null, "reply_to": null}}, {"model": "comment.comment", "pk": 23, "fields": {"content_type": 8, "object_id": 38, "text": "<p>asd</p>", "comment_time": "2020-02-18T01:09:32.760Z", "user": 2, "root": null, "parent": null, "reply_to": null}}, {"model": "comment.comment", "pk": 24, "fields": {"content_type": 8, "object_id": 33, "text": "<p>asd</p>", "comment_time": "2020-02-18T01:20:15.334Z", "user": 2, "root": null, "parent": null, "reply_to": null}}, {"model": "comment.comment", "pk": 26, "fields": {"content_type": 8, "object_id": 33, "text": "<p>ccccc</p>", "comment_time": "2020-02-18T02:54:33.599Z", "user": 1, "root": null, "parent": null, "reply_to": null}}, {"model": "comment.comment", "pk": 27, "fields": {"content_type": 8, "object_id": 33, "text": "<p>zxczxc</p>", "comment_time": "2020-02-18T02:54:43.883Z", "user": 1, "root": null, "parent": null, "reply_to": null}}, {"model": "comment.comment", "pk": 28, "fields": {"content_type": 8, "object_id": 33, "text": "<p><img alt=\"smiley\" height=\"23\" src=\"http://localhost:8000/static/ckeditor/ckeditor/plugins/smiley/images/regular_smile.png\" title=\"smiley\" width=\"23\" /></p>", "comment_time": "2020-02-18T03:45:34.083Z", "user": 1, "root": 27, "parent": 27, "reply_to": 1}}, {"model": "comment.comment", "pk": 29, "fields": {"content_type": 8, "object_id": 33, "text": "<p><img alt=\"wink\" height=\"23\" src=\"http://localhost:8000/static/ckeditor/ckeditor/plugins/smiley/images/wink_smile.png\" title=\"wink\" width=\"23\" /></p>", "comment_time": "2020-02-18T04:38:40.569Z", "user": 1, "root": 27, "parent": 28, "reply_to": 1}}, {"model": "comment.comment", "pk": 30, "fields": {"content_type": 8, "object_id": 33, "text": "<p>\u8bf7\u95ee</p>", "comment_time": "2020-02-18T04:39:25.164Z", "user": 1, "root": 27, "parent": 28, "reply_to": 1}}, {"model": "comment.comment", "pk": 31, "fields": {"content_type": 8, "object_id": 33, "text": "<p>\u597d\u7684</p>", "comment_time": "2020-02-18T04:51:20.426Z", "user": 1, "root": 27, "parent": 30, "reply_to": 1}}, {"model": "comment.comment", "pk": 32, "fields": {"content_type": 8, "object_id": 38, "text": "<p>123</p>", "comment_time": "2020-02-18T07:19:59.183Z", "user": 2, "root": 23, "parent": 23, "reply_to": 2}}, {"model": "comment.comment", "pk": 33, "fields": {"content_type": 8, "object_id": 38, "text": "<p>456</p>", "comment_time": "2020-02-18T07:20:08.852Z", "user": 2, "root": 23, "parent": 32, "reply_to": 2}}, {"model": "comment.comment", "pk": 34, "fields": {"content_type": 8, "object_id": 38, "text": "<p>789</p>", "comment_time": "2020-02-18T07:20:18.731Z", "user": 2, "root": null, "parent": null, "reply_to": null}}, {"model": "comment.comment", "pk": 35, "fields": {"content_type": 8, "object_id": 38, "text": "<p>qwe</p>", "comment_time": "2020-02-18T07:20:23.027Z", "user": 2, "root": null, "parent": null, "reply_to": null}}, {"model": "comment.comment", "pk": 36, "fields": {"content_type": 8, "object_id": 36, "text": "<p>asd</p>", "comment_time": "2020-02-18T07:32:13.638Z", "user": 2, "root": null, "parent": null, "reply_to": null}}, {"model": "comment.comment", "pk": 37, "fields": {"content_type": 8, "object_id": 35, "text": "<p>\u81ea\u884c\u8f66</p>", "comment_time": "2020-02-18T07:51:10.962Z", "user": 2, "root": null, "parent": null, "reply_to": null}}, {"model": "comment.comment", "pk": 38, "fields": {"content_type": 8, "object_id": 38, "text": "<p>qweqwe</p>", "comment_time": "2020-02-18T08:24:21.676Z", "user": 2, "root": 35, "parent": 35, "reply_to": 2}}, {"model": "comment.comment", "pk": 39, "fields": {"content_type": 8, "object_id": 37, "text": "<p>3333</p>", "comment_time": "2020-02-19T03:16:13.782Z", "user": 2, "root": 12, "parent": 12, "reply_to": 2}}, {"model": "comment.comment", "pk": 40, "fields": {"content_type": 8, "object_id": 37, "text": "<p>6</p>", "comment_time": "2020-02-19T03:19:01.347Z", "user": 2, "root": 15, "parent": 15, "reply_to": 2}}, {"model": "comment.comment", "pk": 41, "fields": {"content_type": 8, "object_id": 38, "text": "<p>asdasdasdasd</p>", "comment_time": "2020-02-19T09:18:33.930Z", "user": 2, "root": null, "parent": null, "reply_to": null}}, {"model": "comment.comment", "pk": 42, "fields": {"content_type": 8, "object_id": 38, "text": "<p>123</p>", "comment_time": "2020-02-20T01:39:23.052Z", "user": 2, "root": null, "parent": null, "reply_to": null}}, {"model": "comment.comment", "pk": 43, "fields": {"content_type": 8, "object_id": 38, "text": "<p>123123</p>", "comment_time": "2020-02-20T01:39:28.991Z", "user": 2, "root": 42, "parent": 42, "reply_to": 2}}, {"model": "likes.likerecord", "pk": 4, "fields": {"content_type": 12, "object_id": 14, "user": 2, "liked_time": "2020-02-19T03:16:03.886Z"}}, {"model": "likes.likerecord", "pk": 5, "fields": {"content_type": 12, "object_id": 13, "user": 2, "liked_time": "2020-02-19T03:16:05.135Z"}}, {"model": "likes.likerecord", "pk": 6, "fields": {"content_type": 8, "object_id": 37, "user": 2, "liked_time": "2020-02-19T03:16:07.841Z"}}, {"model": "likes.likerecord", "pk": 7, "fields": {"content_type": 12, "object_id": 12, "user": 2, "liked_time": "2020-02-19T03:16:20.015Z"}}, {"model": "likes.likerecord", "pk": 8, "fields": {"content_type": 12, "object_id": 39, "user": 2, "liked_time": "2020-02-19T03:16:35.284Z"}}, {"model": "likes.likerecord", "pk": 10, "fields": {"content_type": 12, "object_id": 42, "user": 2, "liked_time": "2020-02-20T01:39:26.141Z"}}, {"model": "likes.likerecord", "pk": 12, "fields": {"content_type": 12, "object_id": 43, "user": 2, "liked_time": "2020-02-23T14:31:50.321Z"}}, {"model": "user.profile", "pk": 1, "fields": {"user": 1, "nickname": "\u97e9\u5efa\u529f"}}, {"model": "user.profile", "pk": 2, "fields": {"user": 2, "nickname": "qwe"}}, {"model": "admin.logentry", "pk": 1, "fields": {"action_time": "2020-02-10T03:50:52.619Z", "user": 1, "content_type": 7, "object_id": "1", "object_repr": "BlogType object (1)", "action_flag": 1, "change_message": "[{\"added\": {}}]"}}, {"model": "admin.logentry", "pk": 2, "fields": {"action_time": "2020-02-10T03:50:59.263Z", "user": 1, "content_type": 7, "object_id": "2", "object_repr": "BlogType object (2)", "action_flag": 1, "change_message": "[{\"added\": {}}]"}}, {"model": "admin.logentry", "pk": 3, "fields": {"action_time": "2020-02-10T03:51:08.593Z", "user": 1, "content_type": 7, "object_id": "3", "object_repr": "BlogType object (3)", "action_flag": 1, "change_message": "[{\"added\": {}}]"}}, {"model": "admin.logentry", "pk": 4, "fields": {"action_time": "2020-02-10T03:51:15.594Z", "user": 1, "content_type": 7, "object_id": "4", "object_repr": "BlogType object (4)", "action_flag": 1, "change_message": "[{\"added\": {}}]"}}, {"model": "admin.logentry", "pk": 5, "fields": {"action_time": "2020-02-10T03:54:56.467Z", "user": 1, "content_type": 8, "object_id": "1", "object_repr": "<Blog: \u7b2c\u4e00\u7bc7\u535a\u5ba2>", "action_flag": 1, "change_message": "[{\"added\": {}}]"}}, {"model": "admin.logentry", "pk": 6, "fields": {"action_time": "2020-02-10T06:38:39.890Z", "user": 1, "content_type": 8, "object_id": "1", "object_repr": "<Blog: \u7b2c\u4e00\u7bc7\u535a\u5ba2>", "action_flag": 2, "change_message": "[{\"changed\": {\"fields\": [\"Content\"]}}]"}}, {"model": "admin.logentry", "pk": 7, "fields": {"action_time": "2020-02-10T08:36:02.982Z", "user": 1, "content_type": 8, "object_id": "2", "object_repr": "<Blog: \u7b2c\u4e8c\u7bc7\u535a\u5ba2>", "action_flag": 1, "change_message": "[{\"added\": {}}]"}}, {"model": "admin.logentry", "pk": 8, "fields": {"action_time": "2020-02-10T08:45:10.054Z", "user": 1, "content_type": 8, "object_id": "2", "object_repr": "<Blog: \u7b2c\u4e8c\u7bc7\u535a\u5ba2>", "action_flag": 2, "change_message": "[{\"changed\": {\"fields\": [\"Content\"]}}]"}}, {"model": "admin.logentry", "pk": 9, "fields": {"action_time": "2020-02-10T09:17:35.882Z", "user": 1, "content_type": 8, "object_id": "3", "object_repr": "<Blog: \u968f\u7b142>", "action_flag": 1, "change_message": "[{\"added\": {}}]"}}, {"model": "admin.logentry", "pk": 10, "fields": {"action_time": "2020-02-10T09:18:04.061Z", "user": 1, "content_type": 8, "object_id": "4", "object_repr": "<Blog: python2>", "action_flag": 1, "change_message": "[{\"added\": {}}]"}}, {"model": "admin.logentry", "pk": 11, "fields": {"action_time": "2020-02-10T13:38:02.734Z", "user": 1, "content_type": 8, "object_id": "5", "object_repr": "<Blog: Date>", "action_flag": 1, "change_message": "[{\"added\": {}}]"}}, {"model": "admin.logentry", "pk": 12, "fields": {"action_time": "2020-02-10T13:38:14.654Z", "user": 1, "content_type": 8, "object_id": "4", "object_repr": "<Blog: python2>", "action_flag": 2, "change_message": "[{\"changed\": {\"fields\": [\"Content\"]}}]"}}, {"model": "admin.logentry", "pk": 13, "fields": {"action_time": "2020-02-12T00:41:40.388Z", "user": 1, "content_type": 8, "object_id": "6", "object_repr": "<Blog: \u957f\u535a\u5ba2>", "action_flag": 1, "change_message": "[{\"added\": {}}]"}}, {"model": "admin.logentry", "pk": 14, "fields": {"action_time": "2020-02-13T04:08:52.087Z", "user": 1, "content_type": 8, "object_id": "38", "object_repr": "<Blog: for 31>", "action_flag": 1, "change_message": "[{\"added\": {}}]"}}, {"model": "admin.logentry", "pk": 15, "fields": {"action_time": "2020-02-13T08:53:12.157Z", "user": 1, "content_type": 8, "object_id": "38", "object_repr": "<Blog: for 31>", "action_flag": 2, "change_message": "[{\"changed\": {\"fields\": [\"Content\"]}}]"}}, {"model": "admin.logentry", "pk": 16, "fields": {"action_time": "2020-02-13T09:05:28.932Z", "user": 1, "content_type": 8, "object_id": "38", "object_repr": "<Blog: for 31>", "action_flag": 2, "change_message": "[{\"changed\": {\"fields\": [\"Content\"]}}]"}}, {"model": "admin.logentry", "pk": 17, "fields": {"action_time": "2020-02-13T10:40:43.048Z", "user": 1, "content_type": 8, "object_id": "38", "object_repr": "<Blog: for 31>", "action_flag": 2, "change_message": "[]"}}, {"model": "admin.logentry", "pk": 18, "fields": {"action_time": "2020-02-13T12:40:03.025Z", "user": 1, "content_type": 9, "object_id": "1", "object_repr": "ReadNum object (1)", "action_flag": 1, "change_message": "[{\"added\": {}}]"}}, {"model": "admin.logentry", "pk": 19, "fields": {"action_time": "2020-02-14T01:21:43.401Z", "user": 1, "content_type": 10, "object_id": "1", "object_repr": "ReadNum object (1)", "action_flag": 1, "change_message": "[{\"added\": {}}]"}}, {"model": "admin.logentry", "pk": 20, "fields": {"action_time": "2020-02-14T06:30:25.728Z", "user": 1, "content_type": 11, "object_id": "1", "object_repr": "ReadDetail object (1)", "action_flag": 1, "change_message": "[{\"added\": {}}]"}}, {"model": "admin.logentry", "pk": 21, "fields": {"action_time": "2020-02-14T08:46:17.746Z", "user": 1, "content_type": 11, "object_id": "4", "object_repr": "ReadDetail object (4)", "action_flag": 1, "change_message": "[{\"added\": {}}]"}}, {"model": "admin.logentry", "pk": 22, "fields": {"action_time": "2020-02-14T08:46:36.383Z", "user": 1, "content_type": 11, "object_id": "5", "object_repr": "ReadDetail object (5)", "action_flag": 1, "change_message": "[{\"added\": {}}]"}}, {"model": "admin.logentry", "pk": 23, "fields": {"action_time": "2020-02-15T01:26:23.360Z", "user": 1, "content_type": 11, "object_id": "1", "object_repr": "ReadDetail object (1)", "action_flag": 2, "change_message": "[{\"changed\": {\"fields\": [\"Read num\"]}}]"}}, {"model": "admin.logentry", "pk": 24, "fields": {"action_time": "2020-02-18T02:42:17.377Z", "user": 1, "content_type": 12, "object_id": "25", "object_repr": "Comment object (25)", "action_flag": 1, "change_message": "[{\"added\": {}}]"}}, {"model": "admin.logentry", "pk": 25, "fields": {"action_time": "2020-02-18T08:32:17.712Z", "user": 1, "content_type": 12, "object_id": "25", "object_repr": "Comment object (25)", "action_flag": 3, "change_message": ""}}, {"model": "admin.logentry", "pk": 26, "fields": {"action_time": "2020-02-24T01:45:57.637Z", "user": 1, "content_type": 15, "object_id": "1", "object_repr": "<Profile: hjg for hanjiangong>", "action_flag": 1, "change_message": "[{\"added\": {}}]"}}, {"model": "admin.logentry", "pk": 27, "fields": {"action_time": "2020-02-24T01:46:05.574Z", "user": 1, "content_type": 15, "object_id": "2", "object_repr": "<Profile: qwe for asd>", "action_flag": 1, "change_message": "[{\"added\": {}}]"}}, {"model": "admin.logentry", "pk": 28, "fields": {"action_time": "2020-02-26T03:53:56.845Z", "user": 1, "content_type": 4, "object_id": "1", "object_repr": "hanjiangong", "action_flag": 2, "change_message": "[{\"changed\": {\"fields\": [\"Email address\", \"Last login\"]}}]"}}]